"{'params': {'zero_center': True, 'use_highly_variable': True}, 'variance': array([3344.48930008,  461.38696098,  188.28242081,  129.11557265,
        110.78649787,   85.94384194,   81.79875423,   75.94268461,
         72.93711407,   71.40953437,   68.88874295,   66.59524661,
         66.21354643,   65.08876909,   64.22612306,   63.65920261,
         63.4589089 ,   62.61113476,   62.0919991 ,   61.59223254,
         61.09368165,   60.90431755,   60.54399874,   60.31282165,
         59.55013204,   59.384596  ,   58.97178964,   58.80367609,
         58.60068519,   57.99162887]), 'variance_ratio': array([0.1531499 , 0.0211277 , 0.00862177, 0.00591242, 0.0050731 ,
       0.00393552, 0.00374571, 0.00347755, 0.00333992, 0.00326997,
       0.00315453, 0.00304951, 0.00303203, 0.00298053, 0.00294102,
       0.00291506, 0.00290589, 0.00286707, 0.0028433 , 0.00282041,
       0.00279758, 0.00278891, 0.00277241, 0.00276183, 0.0027269 ,
       0.00271932, 0.00270042, 0.00269272, 0.00268343, 0.00265554])}"
