"{'params': {'zero_center': True, 'use_highly_variable': True}, 'variance': array([205.22930021,  65.15914712,  41.17378637,  32.21897143,
        30.47706183,  28.83636814,  27.00053157,  25.30793862,
        22.1900503 ,  20.64826533,  20.56888325,  20.00449933,
        19.61675939,  19.43772475,  18.82067788,  18.78688377,
        18.53357363,  18.49996129,  17.94229515,  17.67972234,
        17.57699765,  17.43270214,  17.25954673,  17.17988293,
        17.03254456,  16.92987849,  16.71742241,  16.57793687,
        16.43628789,  16.40394467]), 'variance_ratio': array([0.05789702, 0.01838198, 0.01161549, 0.00908926, 0.00859785,
       0.008135  , 0.00761709, 0.0071396 , 0.00626001, 0.00582506,
       0.00580267, 0.00564345, 0.00553406, 0.00548356, 0.00530948,
       0.00529995, 0.00522849, 0.005219  , 0.00506168, 0.00498761,
       0.00495863, 0.00491792, 0.00486907, 0.0048466 , 0.00480503,
       0.00477607, 0.00471613, 0.00467678, 0.00463682, 0.0046277 ])}"
