"{'params': {'zero_center': True, 'use_highly_variable': True}, 'variance': array([843.45235771, 163.6997704 ,  83.21107688,  58.25786002,
        54.10258421,  50.37427959,  43.00387649,  42.2024594 ,
        39.71246018,  38.34887616,  37.80668977,  37.28194774,
        35.9106904 ,  35.74072025,  35.34552504,  34.94369903,
        34.78928768,  34.29332318,  33.74904053,  33.46709841,
        33.22724536,  32.94992795,  32.58389604,  32.44292652,
        32.21178155,  32.10730538,  31.8694238 ,  31.53087642,
        31.42058215,  31.36772325]), 'variance_ratio': array([0.09426734, 0.01829569, 0.00929998, 0.00651111, 0.0060467 ,
       0.00563001, 0.00480627, 0.0047167 , 0.00443841, 0.00428601,
       0.00422541, 0.00416677, 0.00401351, 0.00399451, 0.00395035,
       0.00390544, 0.00388818, 0.00383275, 0.00377192, 0.00374041,
       0.0037136 , 0.00368261, 0.0036417 , 0.00362594, 0.00360011,
       0.00358843, 0.00356184, 0.00352401, 0.00351168, 0.00350577])}"
