X_pca1,X_pca2
87.69463,-1.2151228
-45.383923,-51.40344
-42.31073,52.61856
